ANO,MES,NCM,KG,FOB,FRETE
1997,3,31022100-0,6004584.000000014,579942,108000
1997,4,31022100-0,11049492.000000019,1096029,148938
1997,5,31022100-0,4202529.000000017,432860,42200
1997,8,31022100-0,22431878.000000026,2875321,369600
1997,9,31022100-0,1000000.0000000102,81000,12000
1997,10,31022100-0,8061543.000000011,631010,96432
1997,12,31022100-0,4095347.0000000056,274388,50398
1998,4,31022100-0,12600066.999999993,692972,151549
1998,6,31022100-0,14737680.0,813797,176977
1998,9,31022100-0,2000000.0000000084,113000,24000
1998,10,31022100-0,2508782.0000000196,132549,30000
1998,11,31022100-0,11099967.999999996,645698,133200
1998,12,31022100-0,8590662.00000001,505258,102000
1999,1,31022100-0,9492703.000000007,508051,78452
1999,2,31022100-0,3000000.0000000065,174000,36000
1999,3,31022100-0,6012075.000000003,348700,72000
1999,6,31022100-0,9481811.999999998,540946,113493
1999,7,31022100-0,3000354.0000000075,165019,36000
1999,9,31022100-0,6500000.000000002,410280,65000
1999,10,31022100-0,12100000.000000015,664800,136000
1999,12,31022100-0,7428801.0,408584,89146
2000,1,31022100-0,8000000.0,433000,96000
2000,2,31022100-0,4063140.000000029,245873,48000
2000,3,31022100-0,6531722.000000002,393745,78457
2000,4,31022100-0,1574970.0000000093,98319,18000
2000,6,31022100-0,9227153.999999998,564543,110724
2000,8,31022100-0,9409799.00000002,612922,98701
2000,10,31022100-0,23951982.0,1705875,284138
2000,11,31022100-0,4317288.000000016,301895,51794
2000,12,31022100-0,6588320.000000014,473312,79060
2001,1,31022100-0,7839214.0,598859,96536
2001,3,31022100-0,3000000.0000000065,212695,36000
2001,6,31022100-0,6377702.000000014,511473,70740
2001,7,31022100-0,11643704.000000004,895030,132407
2001,8,31022100-0,11168929.999999994,892733,145818
2001,9,31022100-0,5825984.000000014,457547,46542
2002,3,31022100-0,496506.0000000112,33769,6000
2002,4,31022100-0,3475544.0000000056,234113,47943
2002,5,31022100-0,9184350.00000001,609703,129699
2002,7,31022100-0,3870791.0000000056,251601,59284
2002,8,31022100-0,5574297.000000003,347208,73518
2002,11,31022100-0,11460960.000000007,755214,143204
2003,4,31022100-0,6891696.000000001,443746,81600
2003,6,31022100-0,2000847.0000000084,136370,35663
2003,7,31022100-0,21393987.000000026,1682253,281997
2003,9,31022100-0,14494820.000000013,1128730,171492
2003,10,31022100-0,12977929.000000004,1058052,124060
2004,1,31022100-0,5027872.000000004,439255,62826
2004,3,31022100-0,4000000.0000000056,398386,60000
2004,5,31022100-0,8599999.999999998,885193,309600
2004,6,31022100-0,14008410.99999999,1587362,358748
2004,9,31022100-0,5302210.000000004,464234,235869
2005,5,31022100-0,4019593.0000000056,483971,108000
2005,6,31022100-0,4031586.0000000056,473040,108000
2005,9,31022100-0,6001005.000000002,703689,162000
2006,1,31022100-0,6530692.000000002,699455,175500
2006,2,31022100-0,1406609.0000000093,146609,37800
2006,5,31022100-0,8401560.999999998,810524,144000
2006,7,31022100-0,4500382.000000005,415071,81000
2006,8,31022100-0,6032954.000000003,613632,108000
2006,9,31022100-0,3596152.0000000065,368743,63000
2006,12,31022100-0,4125053.000000005,516357,80000
2007,1,31022100-0,1901591.0000000084,224074,73910
2007,2,31022100-0,4010429.0000000056,514624,80000
2007,3,31022100-0,4010817.0000000056,650491,80000
2007,5,31022100-0,10732909.999999996,1657058,214658
2007,6,31022100-0,4516619.000000005,752363,90000
2007,8,31022100-0,5035474.000000004,847305,100000
2008,2,31022100-0,9875107.999999996,2885076,196954
2008,9,31022100-0,6093619.000000003,2515617,180000
2009,5,31022100-0,9000945.999999998,1362110,271350
2009,8,31022100-0,9191773.999999998,785749,376798
2009,10,31022100-0,3015332.0000000065,397345,54000
2009,12,31022100-0,2055321.0000000084,243391,36000
2010,2,31022100-0,3000355.0000000065,345510,54000
2010,5,31022100-0,3505226.0000000065,528581,63000
2010,7,31022100-0,5038261.000000004,552188,90000
2010,8,31022100-0,6007249.000000003,640324,108000
2010,11,31022100-0,4008064.0000000056,528178,72000
2010,12,31022100-0,6148566.000000002,972279,108000
2011,2,31022100-0,4404017.000000006,862555,272860
2011,4,31022100-0,3147385.0000000065,626181,88200
2011,5,31022100-0,5002500.000000004,940563,147000
2011,6,31022100-0,5550320.000000004,1067931,163625
2011,7,31022100-0,9002490.999999998,1822356,289350
2011,10,31022100-0,13582574.999999993,3176152,441525
2012,4,31022100-0,4507519.000000005,873015,142425
2012,5,31022100-0,6060847.000000003,1343564,180900
2012,6,31022100-0,5002148.000000004,1308354,145750
2012,7,31022100-0,6066980.000000003,1373899,198900
2012,10,31022100-0,10711923.999999996,2000653,383720
2013,1,31022100-0,5317283.000000004,1324439,132645
2013,2,31022100-0,4415065.000000006,882308,129800
2013,6,31022100-0,5653847.000000004,1265369,119638
2013,8,31022100-0,4907223.000000004,938425,181920
2013,10,31022100-0,20318351.999999993,3272080,613275
2013,11,31022100-0,4066170.0000000056,463610,161170
2014,2,31022100-0,5141600.000000015,569234,231550
2014,3,31022100-0,3003957.0000000065,414603,104490
2014,5,31022100-0,5401065.000000004,801037,163472
2014,7,31022100-0,5132316.000000004,686764,187209
2014,8,31022100-0,9303329.00000001,1167033,312350
2014,9,31022100-0,8407685.999999998,1059385,273000
2014,11,31022100-0,11574739.999999994,1759204,338250
2014,12,31022100-0,1656229.0000000093,362914,46875
2015,2,31022100-0,3000424.0000000065,665966,100500
2015,3,31022100-0,5380114.000000004,792078,154875
2015,4,31022100-0,2200700.0000000084,343146,55000
2015,6,31022100-0,4575998.000000005,699581,95625
2015,7,31022100-0,7000000.000000001,990150,178500
2015,9,31022100-0,8353952.999999999,1220100,212000
2015,10,31022100-0,8446622.999999998,1041832,294000
2016,1,31022100-0,1525000.0000000093,312515,40413
2016,4,31022100-0,4827151.000000004,653179,96390
2016,7,31022100-0,5200000.000000004,646909,113100
2016,8,31022100-0,8962329.999999998,1128192,157975
2017,1,31022100-0,6001866.000000003,713284,118800
2017,3,31022100-0,13094598.000000004,1601334,312750
2017,5,31022100-0,3040366.0000000075,372469,69750
2017,8,31022100-0,6503150.000000002,708211,164125
2017,10,31022100-0,7503833.0,799959,203963
2017,12,31022100-0,8151319.999999999,1145535,166000
2018,6,31022100-0,3283305.0000000065,433456,84893
2018,7,31022100-0,10898417.000000007,1415926,290472
2018,8,31022100-0,1500511.0000000093,264351,38925
2018,9,31022100-0,8240183.999999999,1080831,213828
2018,10,31022100-0,1425706.0000000093,258560,39615
2018,11,31022100-0,2665818.0000000075,524786,62400
2018,12,31022100-0,6989706.000000001,991600,179400
2019,1,31022100-0,5000002.000000004,658256,179000
2019,3,31022100-0,12002926.999999993,1840416,354395
2019,4,31022100-0,8960581.00000001,1205547,239581
2019,5,31022100-0,9423820.00000002,1284281,232240
2019,6,31022100-0,7450000.000000011,1036894,159858
2019,7,31022100-0,8508124.00000001,1386076,183695
2019,8,31022100-0,22800374.99999999,3038472,541819
2019,10,31022100-0,7450000.000000011,1126463,178003
2019,11,31022100-0,27216752.000000007,4563831,642393
2019,12,31022100-0,2650000.0000000075,326069,79500
2020,1,31022100-0,13799999.999999993,1912040,369375
2020,2,31022100-0,8200380.000000011,991905,270700
2020,3,31022100-0,4000000.0000000056,377138,171000
2020,4,31022100-0,6400000.000000013,865332,194272
2020,6,31022100-0,11724999.999999994,1456916,313644
2020,7,31022100-0,8075470.00000001,1001638,136275
2020,8,31022100-0,8112844.00000001,870618,271940
2020,9,31022100-0,7903660.0,795387,201100
2020,10,31022100-0,21472010.0,2543973,465481
2020,11,31022100-0,16642390.00000001,2129086,415601
2020,12,31022100-0,12600000.000000004,1499813,254450
2021,1,31022100-0,32282007.0,3953036,845027
2021,3,31022100-0,27003315.999999993,3233481,745230
2021,4,31022100-0,17962836.999999996,2231570,436999
2021,5,31022100-0,8408482.000000011,886112,445136
2021,6,31022100-0,2864410.0000000075,378985,79800
2021,7,31022100-0,10915031.000000019,1569083,394246
2021,8,31022100-0,7900263.000000011,1348486,212155
2021,9,31022100-0,13441785.000000015,2222777,495671
2021,10,31022100-0,5250000.000000004,774029,210000
2021,12,31022100-0,17999999.999999985,2959316,900000
2022,1,31022100-0,15900000.0,2452261,448443
2022,2,31022100-0,3598229.0000000065,797927,203300
2022,3,31022100-0,21070999.99999998,4402705,968730
2022,4,31022100-0,4048000.0000000177,1501480,327967
2022,5,31022100-0,26725120.000000004,7295928,1677950
2022,6,31022100-0,35026279.99999996,11953643,1731840
2022,7,31022100-0,36299999.99999997,12499244,2458540
2022,8,31022100-0,8149999.999999999,3129405,361730
2022,9,31022100-0,6100000.000000013,2111165,485850
2022,10,31022100-0,26299999.99999997,6787665,1437275
2022,11,31022100-0,10814839.999999996,2586165,874584
2022,12,31022100-0,38649999.99999996,9414475,1345600
2023,1,31022100-0,5650000.000000003,1490169,448341
2023,2,31022100-0,3300000.0000000065,989175,198825
2023,3,31022100-0,41342559.99999996,9229443,970198
2023,4,31022100-0,11800000.000000006,2416285,672215
2023,5,31022100-0,22605097.999999978,5900274,1224730
2023,6,31022100-0,60699615.99999992,10230049,1922696
2023,7,31022100-0,26420844.999999985,4508239,543243
2023,8,31022100-0,4000000.0000000056,931320,248000
2023,9,31022100-0,3024113.0000000065,811523,132000
2023,10,31022100-0,114749999.99999984,18472468,2595830
1997,4,31021010-0,531376.0000000102,98305,5250
1997,10,31021010-0,13539579.000000004,1444232,207000
1997,11,31021010-0,2532438.0000000084,296295,29994
1998,5,31021010-0,4521160.000000005,442989,54000
1998,10,31021010-0,9543738.00000002,3253460,286038
1999,12,31021010-0,3320000.0000000065,277512,26560
2000,1,31021010-0,8915820.999999998,784778,72868
2000,2,31021010-0,574116.0000000102,42772,5741
2000,8,31021010-0,8199999.999999999,1237016,65600
2000,9,31021010-0,23084849.0,3523132,184600
2000,10,31021010-0,38843152.99999998,5504824,314608
2000,11,31021010-0,20878142.99999998,2560704,208781
2001,6,31021010-0,3002313.0000000065,284651,30000
2001,8,31021010-0,19100771.999999985,1814573,152806
2001,10,31021010-0,21857003.99999998,2180236,174825
2001,12,31021010-0,27972376.999999996,3011441,226830
2002,10,31021010-0,11725069.000000006,1220258,189633
2002,11,31021010-0,62510815.99999994,6513714,507049
2003,3,31021010-0,27655803.99999997,3892554,219992
2003,6,31021010-0,1701819.0000000084,230817,17952
2003,7,31021010-0,3625175.000000007,455908,54000
2003,8,31021010-0,33330643.805421174,5604808,293995
2003,9,31021010-0,15779974.0,2438801,208616
2003,12,31021010-0,48203238.999999955,8072886,616143
2004,1,31021010-0,29951584.99999997,4622604,1065651
2004,3,31021010-0,28745890.99999997,4477173,900760
2004,8,31021010-0,25196158.99999997,4473371,680286
2004,9,31021010-0,31998977.999999978,6876347,961286
2004,11,31021010-0,30322113.999999966,6536291,887793
2004,12,31021010-0,28608590.99999997,6618478,992081
2005,2,31021010-0,31605069.999999963,5878543,1152618
2005,9,31021010-0,11499141.999999994,2423444,240528
2005,11,31021010-0,20917239.99999998,4371703,585862
2005,12,31021010-0,35401304.999999985,7500334,871348
2006,1,31021010-0,1501628.0000000093,362161,27000
2006,2,31021010-0,14735878.999999989,3256032,483391
2006,5,31021010-0,505587.0000000112,138731,9000
2006,12,31021010-0,20846583.99999998,4618051,744913
2007,10,31021010-0,12999999.999999993,4160000,904911
2007,11,31021010-0,20034937.999999985,6413172,1405343
2008,1,31021010-0,5501889.000000004,2511506,99000
2008,8,31021010-0,33058108.99999997,21691211,2252979
2009,10,31021010-0,5300049.000000004,1371804,210675
2010,11,31021010-0,11788590.999999994,3968684,530622
2013,6,31021010-0,7164975.000000001,2862583,218790
2013,8,31021010-0,11220357.999999994,4043430,329450
2013,9,31021010-0,3729614.0000000177,1338101,133502
2013,11,31021010-0,9887785.000000007,3156235,358460
2014,2,31021010-0,21318321.999999993,6843626,585010
2014,8,31021010-0,5264477.000000004,1697824,136500
2014,9,31021010-0,1832940.0000000084,635142,26400
2014,10,31021010-0,28026404.999999993,8496887,829500
2014,11,31021010-0,3541500.0000000177,1295842,65958
2014,12,31021010-0,7049632.000000012,2492497,180832
2015,1,31021010-0,2681783.0000000075,852542,78750
2015,7,31021010-0,1152000.0000000093,330321,18385
2015,8,31021010-0,3689138.0000000056,947289,68400
2015,9,31021010-0,4867613.000000004,1422953,90250
2017,1,31021010-0,30804901.999999978,6165050,619137
2017,2,31021010-0,5002676.000000004,1098482,109000
2017,3,31021010-0,5002341.000000004,1511247,83750
2017,4,31021010-0,5002340.000000004,1374732,83750
2017,9,31021010-0,25991058.99999997,1936336,259909
2017,10,31021010-0,9482048.999999998,2028901,157842
2017,11,31021010-0,6792664.000000002,1252018,238640
2017,12,31021010-0,11155618.999999994,3009818,255750
2018,1,31021010-0,8084966.999999999,2096714,186400
2018,2,31021010-0,14469999.999999989,2972680,240926
2018,3,31021010-0,4410420.000000005,1085664,114400
2018,6,31021010-0,7600558.0,1964485,222940
2018,7,31021010-0,3173352.0000000065,810363,92453
2018,8,31021010-0,16538219.000000007,4409368,387749
2018,9,31021010-0,8404838.999999998,2124906,153300
2018,10,31021010-0,7808933.0,2263819,179025
2018,11,31021010-0,64606675.99999993,18476837,1338575
2018,12,31021010-0,20309117.999999993,6353663,459375
2019,1,31021010-0,2000000.0000000084,583456,55000
2019,2,31021010-0,2000000.0000000084,640092,55000
2019,5,31021010-0,3000000.0000000065,851410,87750
2019,6,31021010-0,7000000.000000001,1787005,138600
2019,7,31021010-0,9045000.00000001,2306251,190025
2019,8,31021010-0,15599946.999999989,4184297,346399
2019,9,31021010-0,12078000.000000004,3503540,235490
2019,10,31021010-0,23767000.0,6551540,486485
2019,11,31021010-0,30233000.0,8154149,643328
2019,12,31021010-0,42421699.99999998,11326899,927119
2020,1,31021010-0,31695999.999999985,8237032,794641
2020,2,31021010-0,18981699.999999993,4524807,386085
2020,3,31021010-0,1039400.0000000102,326816,34200
2020,4,31021010-0,5096214.000000016,1208940,88241
2020,5,31021010-0,14571400.000000013,3466144,304414
2020,6,31021010-0,20257999.999999993,4800653,534710
2020,7,31021010-0,9634370.00000001,2392625,191942
2020,8,31021010-0,29774599.999999993,7210993,454653
2020,9,31021010-0,18866217.000000007,4403600,360591
2020,10,31021010-0,23430165.000000015,5929717,429005
2020,11,31021010-0,64838999.999999955,15376199,1187860
2020,12,31021010-0,13047030.000000004,3056843,294244
2021,1,31021010-0,26627539.999999993,6893440,617463
2021,2,31021010-0,6215310.000000002,1675210,143300
2021,3,31021010-0,41754049.99999997,10746333,843675
2021,4,31021010-0,23962080.999999996,6436302,560071
2021,5,31021010-0,31350702.000000034,10480158,1084980
2021,6,31021010-0,17871720.000000022,6601113,635176
2021,7,31021010-0,11937000.000000006,4445286,532713
2021,8,31021010-0,11256000.000000019,4318098,495820
2021,9,31021010-0,8000000.0,3006561,400800
2021,10,31021010-0,16633248.000000019,6741843,787873
2021,12,31021010-0,6335000.000000013,2747685,320646
2022,1,31021010-0,19004842.999999993,8382057,894188
2022,3,31021010-0,16501390.00000001,7972941,824125
2022,4,31021010-0,9185814.00000001,6879213,540013
2022,5,31021010-0,46801059.99999997,26198982,1868807
2022,6,31021010-0,8200000.000000021,4630790,368700
2022,7,31021010-0,25899999.999999985,14340944,1335330
2022,8,31021010-0,13503460.000000004,7567778,438760
2022,10,31021010-0,20399999.999999993,11219240,1153560
2022,11,31021010-0,30117179.999999993,14073355,1501334
2022,12,31021010-0,2100000.0000000205,1200767,181785
2023,1,31021010-0,21715045.000000015,11875572,1056713
2023,3,31021010-0,30999999.999999966,11849302,1371750
2023,4,31021010-0,37549253.999999985,13525383,1173122
2023,6,31021010-0,37231376.99999996,11672190,1304003
2023,7,31021010-0,3101138.0000000075,1614319,240400
2023,8,31021010-0,10499999.999999996,3098700,394800
2023,9,31021010-0,51600978.999999955,18015891,1444250
2023,10,31021010-0,34529999.999999985,12378509,838150
1997,4,31042090-0,7045252.0000000335,904919,90405
1997,5,31042090-0,4698701.000000016,599606,54000
1997,7,31042090-0,5549943.000000004,726693,66573
1997,8,31042090-0,10893080.000000007,1399195,135362
1997,10,31042090-0,17313924.999999996,2279638,211491
1997,11,31042090-0,10742192.999999996,1452907,126000
1997,12,31042090-0,13254302.000000015,1814142,162064
1998,4,31042090-0,8049864.0,1080232,96000
1998,5,31042090-0,18379141.00000002,4011395,367800
1998,6,31042090-0,3500000.0000000056,493500,42000
1998,7,31042090-0,9934300.000000019,1377011,124277
1998,8,31042090-0,7997608.000000011,1127663,96000
1998,9,31042090-0,4063000.0000000056,579783,53517
1998,10,31042090-0,15586580.000000011,2132169,187039
1998,11,31042090-0,10066000.000000007,1291853,125904
1998,12,31042090-0,6000000.000000003,869500,72000
1999,2,31042090-0,4486015.000000016,642014,52990
1999,6,31042090-0,11142249.000000007,1505834,138036
1999,8,31042090-0,4563000.000000017,635707,59328
1999,9,31042090-0,17275960.000000007,2320059,216188
1999,10,31042090-0,21500000.000000015,2897200,258000
1999,11,31042090-0,14229716.000000011,1906577,170508
1999,12,31042090-0,25066130.999999996,3356207,272475
2000,1,31042090-0,2500000.0000000075,332500,30000
2000,2,31042090-0,3037724.0000000065,414946,36000
2000,4,31042090-0,4462530.000000029,616324,39507
2000,7,31042090-0,12500000.000000004,1770445,150000
2000,8,31042090-0,27352718.99999998,3797324,335297
2000,9,31042090-0,4554049.000000005,625510,36400
2000,10,31042090-0,19777463.999999996,2811241,238121
2000,11,31042090-0,20024979.999999996,2731898,245635
2000,12,31042090-0,3187420.0000000186,441871,35070
2001,5,31042090-0,3500000.0000000056,506080,42000
2001,6,31042090-0,12564268.000000004,1819154,152692
2001,8,31042090-0,33429668.999999985,4352267,403063
2001,9,31042090-0,46033153.99999998,6101918,574390
2001,10,31042090-0,12445237.000000004,1635409,151066
2001,11,31042090-0,15310424.000000013,2015885,207386
2002,2,31042090-0,5116688.000000004,707555,60000
2002,4,31042090-0,5899653.000000025,720641,70800
2002,5,31042090-0,14218445.000000011,1830558,163912
2002,6,31042090-0,13048320.999999993,1597639,176352
2002,7,31042090-0,36233883.99999999,4397997,392264
2002,8,31042090-0,34240349.999999985,4217485,421148
2002,10,31042090-0,11375597.000000006,1378820,137105
2002,11,31042090-0,18342589.999999996,2272329,235389
2003,2,31042090-0,4027538.000000005,534588,48000
2003,3,31042090-0,7079036.000000001,814341,84000
2003,4,31042090-0,5775460.000000003,657667,68400
2003,5,31042090-0,15832788.0,1940997,196481
2003,6,31042090-0,13371641.000000004,1730489,132676
2003,7,31042090-0,31744999.999999974,3948842,385560
2003,8,31042090-0,2010000.0000000084,250222,24120
2003,9,31042090-0,60971080.99999996,7635893,702768
2003,10,31042090-0,11611436.999999994,1496548,140472
2003,11,31042090-0,17651267.999999996,1874826,402425
2003,12,31042090-0,19008658.999999993,2434345,228000
2004,1,31042090-0,16929409.000000007,1919794,287800
2004,2,31042090-0,8293554.999999999,1150337,96000
2004,3,31042090-0,15825136.0,1767003,552880
2004,4,31042090-0,11539999.999999994,1486909,346200
2004,5,31042090-0,6521600.000000002,880327,194790
2004,6,31042090-0,7132961.000000001,986868,208154
2004,7,31042090-0,32968684.999999978,5006243,961582
2004,8,31042090-0,35849437.99999999,6017186,801154
2004,9,31042090-0,67228966.99999996,11546951,1698993
2004,10,31042090-0,21789188.999999993,3822145,519125
2004,11,31042090-0,12333724.000000015,2200960,345184
2004,12,31042090-0,5752670.000000003,1027766,161000
2005,1,31042090-0,2883566.0000000075,492455,86800
2005,6,31042090-0,4313444.000000017,887981,89500
2005,7,31042090-0,4007943.0000000056,820298,114250
2005,8,31042090-0,28210385.000000004,5671293,742526
2005,9,31042090-0,18437086.999999993,3775767,423725
2005,10,31042090-0,9973999.999999996,2106558,209454
2005,11,31042090-0,44156199.99999997,8977430,945906
2005,12,31042090-0,8993304.999999998,1869136,196702
2006,1,31042090-0,3717480.000000006,724884,99900
2006,3,31042090-0,8749936.000000034,1595690,166350
2006,4,31042090-0,11618538.000000041,2148383,219642
2006,5,31042090-0,7004215.000000001,1281124,126000
2006,6,31042090-0,7233771.000000001,1286873,157916
2006,7,31042090-0,3850000.0000000056,734881,69300
2006,8,31042090-0,33144125.999999974,5864425,764686
2006,9,31042090-0,7251271.000000011,1252023,195832
2006,10,31042090-0,36775548.999999985,6679246,1035192
2006,11,31042090-0,6092341.000000002,1101910,108000
2007,1,31042090-0,8155583.999999999,1386788,249408
2007,3,31042090-0,7323725.000000024,1334107,207739
2007,4,31042090-0,6038408.000000003,1268707,170700
2007,5,31042090-0,14283000.0,3084196,577020
2007,6,31042090-0,23883728.0,5425314,462000
2007,7,31042090-0,5900024.000000003,1196156,283200
2007,8,31042090-0,37860615.999999985,9334210,913228
2007,9,31042090-0,20546594.999999993,5431951,590841
2007,10,31042090-0,21802567.0,5967920,879710
2007,11,31042090-0,21195622.999999993,5723958,664591
2007,12,31042090-0,31650854.999999978,8781245,1438176
2008,1,31042090-0,26951858.99999998,8821933,487498
2008,4,31042090-0,10772050.999999996,4888195,481542
2008,5,31042090-0,47569100.99999997,23399414,1606683
2008,6,31042090-0,10002174.999999996,5827269,600000
2008,7,31042090-0,21260625.999999993,13953611,1396393
2008,8,31042090-0,37432729.99999996,27564286,1798056
2008,9,31042090-0,23530898.999999978,19998482,1357728
2008,10,31042090-0,36277697.99999997,33295712,1781619
2009,4,31042090-0,5043680.000000004,3722465,90000
2009,6,31042090-0,32499429.99999999,24169600,939398
2009,8,31042090-0,38017476.999999985,22328733,1064058
2009,9,31042090-0,25277678.99999999,13850580,608670
2009,10,31042090-0,7003360.000000001,3317894,175000
2009,11,31042090-0,7048000.000000013,3767054,126875
2010,1,31042090-0,12190943.000000004,4999449,381000
2010,3,31042090-0,7107759.000000001,3149667,196000
2010,4,31042090-0,9177003.00000001,3647181,257000
2010,5,31042090-0,10037139.999999996,3540686,312500
2010,6,31042090-0,31439168.999999985,11614684,803850
2010,7,31042090-0,25807190.99999997,8768236,1034643
2010,8,31042090-0,10331245.999999996,3391247,401700
2010,9,31042090-0,38739441.99999998,13100733,1233300
2010,10,31042090-0,29551635.999999978,9769050,972492
2010,11,31042090-0,43812853.99999999,15351198,1246923
2010,12,31042090-0,8045171.00000001,2820951,214000
2011,1,31042090-0,31454950.0,11574389,969069
2011,3,31042090-0,15331623.999999989,6136703,456502
2011,4,31042090-0,40124333.999999985,16600676,1276965
2011,5,31042090-0,56360926.99999994,24800811,1236313
2011,6,31042090-0,34991638.99999997,16367737,1033341
2011,7,31042090-0,43440662.99999996,20994850,1302313
2011,8,31042090-0,35783994.999999985,18555866,1145098
2011,9,31042090-0,54393784.999999955,28742469,1828060
2011,10,31042090-0,40116684.99999996,20289579,1238714
2011,12,31042090-0,8112689.999999999,4265891,216000
2012,4,31042090-0,34427670.999999985,16399367,1277848
2012,5,31042090-0,34676316.99999999,17036673,1076945
2012,6,31042090-0,107355040.99999988,52857713,2844074
2012,7,31042090-0,33751498.99999997,16889657,1005000
2012,10,31042090-0,34801951.99999999,17299403,1027248
2012,11,31042090-0,42870742.99999998,21427803,1199672
2012,12,31042090-0,30383406.000000004,14591319,920438
2013,2,31042090-0,3000000.0000000065,1332601,103500
2013,4,31042090-0,3900280.000000016,1611881,117285
2013,5,31042090-0,43912152.99999998,17705295,1356395
2013,6,31042090-0,32103506.999999978,13402008,874874
2013,7,31042090-0,59617738.99999997,25028330,1919922
2013,8,31042090-0,28221459.999999993,11491480,801249
2013,9,31042090-0,24054134.0,9202638,744551
2013,10,31042090-0,74763555.99999996,29833712,2014766
2013,11,31042090-0,38541579.99999998,14653566,994980
2013,12,31042090-0,21289646.999999993,7678806,526836
2014,1,31042090-0,17566538.999999996,6065077,507000
2014,2,31042090-0,25014764.99999999,7303923,782700
2014,3,31042090-0,21438722.0,6287781,666996
2014,4,31042090-0,10063370.000000007,2766882,335000
2014,5,31042090-0,48142411.99999998,14476868,1422055
2014,6,31042090-0,35038519.99999997,10658043,984958
2014,7,31042090-0,93164256.99999993,29028637,2547740
2014,8,31042090-0,60643270.999999955,20020760,1744958
2014,9,31042090-0,30910483.999999978,10295691,895875
2014,10,31042090-0,69132685.99999993,22992268,1906752
2014,11,31042090-0,62566202.99999994,21217625,1677095
2014,12,31042090-0,7737854.0,2611739,231630
2015,1,31042090-0,14295646.000000002,4681797,428750
2015,2,31042090-0,42669271.99999997,14324930,1173969
2015,3,31042090-0,10055111.999999996,3403462,275000
2015,4,31042090-0,18098491.999999996,6156826,491850
2015,5,31042090-0,23948297.99999999,7970500,626318
2015,6,31042090-0,30635270.999999966,9671686,915000
2015,7,31042090-0,17386979.999999996,5693295,398500
2015,8,31042090-0,62532981.99999995,19479752,1306188
2015,9,31042090-0,88807111.99999994,27869555,2194847
2015,10,31042090-0,40048830.99999998,12075960,1055599
2015,11,31042090-0,23936356.99999999,6812677,615108
2015,12,31042090-0,24229766.0,6680342,554627
2016,2,31042090-0,14008145.99999999,3584253,437330
2016,3,31042090-0,9417890.00000001,3015900,191952
2016,4,31042090-0,18066533.999999996,3814679,518320
2016,5,31042090-0,50783759.99999997,10643679,1147573
2016,6,31042090-0,7150088.000000001,1614368,128700
2016,7,31042090-0,73037347.99999994,15747415,1576401
2016,8,31042090-0,36810873.999999985,7846188,816611
2016,9,31042090-0,29602664.999999993,5979409,560410
2016,10,31042090-0,25893041.000000007,5434572,535734
2016,12,31042090-0,5006440.000000004,1117819,102350
2017,1,31042090-0,129030845.99999988,27785893,2873595
2017,2,31042090-0,12593650.000000015,2902594,353225
2017,3,31042090-0,23834647.00000001,5222295,429896
2017,4,31042090-0,24266409.999999985,5584424,557461
2017,5,31042090-0,24557326.999999985,5800415,521260
2017,6,31042090-0,26321707.999999985,6576741,525083
2017,7,31042090-0,33710560.999999985,8522620,635563
2017,8,31042090-0,74323942.99999994,18817948,1454594
2017,9,31042090-0,52329944.999999955,13731565,884096
2017,10,31042090-0,42192649.99999997,11544900,763524
2017,11,31042090-0,28453702.000000004,7549857,591020
2017,12,31042090-0,64937771.99999997,17172224,1312726
2018,1,31042090-0,32181898.0,8787952,601773
2018,2,31042090-0,12014475.999999993,3252458,307800
2018,3,31042090-0,5006521.000000004,1320802,105504
2018,4,31042090-0,26132002.000000007,6499095,526801
2018,5,31042090-0,5239451.000000015,1274200,155895
2018,6,31042090-0,3250000.0000000065,944885,82225
2018,7,31042090-0,94528085.9999999,26805611,2574231
2018,8,31042090-0,74571973.99999996,21758622,1748316
2018,9,31042090-0,118035656.99999985,35175911,2843444
2018,10,31042090-0,21345601.000000004,6616792,483735
2018,11,31042090-0,116173949.99999987,36887288,2843177
2018,12,31042090-0,35844048.999999985,11388661,910031
2019,1,31042090-0,51351079.99999998,16835143,1248030
2019,2,31042090-0,31533718.999999985,10168757,839450
2019,3,31042090-0,36167013.99999996,11716948,890542
2019,4,31042090-0,22929999.99999999,7797419,645232
2019,5,31042090-0,32645087.999999974,10843432,715190
2019,6,31042090-0,13649999.99999999,4698910,341250
2019,7,31042090-0,34354999.99999997,11451143,902600
2019,8,31042090-0,53027319.999999955,17372308,1341659
2019,9,31042090-0,27599999.99999998,9221520,721900
2019,10,31042090-0,38300349.99999997,12683859,963000
2019,11,31042090-0,102762670.99999988,32962551,2666636
2019,12,31042090-0,42665999.999999955,13676438,996150
2020,1,31042090-0,14620000.000000011,4413637,335355
2020,2,31042090-0,24199999.99999999,6587735,701260
2020,3,31042090-0,4700000.000000005,1198641,127605
2020,4,31042090-0,3000000.0000000065,808261,76590
2020,5,31042090-0,7605000.0,1705024,187768
2020,6,31042090-0,59786999.999999955,13176198,1575991
2020,7,31042090-0,31279999.999999978,7023736,489084
2020,8,31042090-0,21776189.999999993,4631611,333088
2020,9,31042090-0,52045139.99999996,10851818,1046079
2020,10,31042090-0,21792999.999999993,4591183,426980
2020,11,31042090-0,104027959.99999988,23236886,1971520
2020,12,31042090-0,15493000.0,3442151,316025
2021,1,31042090-0,25743999.999999985,5892656,671668
2021,2,31042090-0,30459079.99999999,6986763,833315
2021,3,31042090-0,62534549.999999955,13330763,1810473
2021,4,31042090-0,14326080.000000004,3289781,372580
2021,5,31042090-0,17530559.999999996,3624491,633364
2021,6,31042090-0,18017229.999999985,3838133,814946
2021,7,31042090-0,30726999.99999999,7769528,786710
2021,8,31042090-0,37766999.999999985,10679340,1283379
2021,9,31042090-0,43083529.999999955,15245763,1755181
2021,10,31042090-0,30380689.999999978,8655337,950160
2021,11,31042090-0,96803719.9999999,30485922,4437405
2021,12,31042090-0,51541886.99999997,24246865,2245708
2022,1,31042090-0,74257789.99999994,40923980,3213362
2022,2,31042090-0,28116668.999999985,14150281,1508318
2022,3,31042090-0,57447900.99999997,24813163,3099120
2022,4,31042090-0,52231925.99999995,31213877,3057126
2022,5,31042090-0,88811375.99999993,56146087,4178926
2022,6,31042090-0,80033239.99999994,40145195,4575872
2022,7,31042090-0,84173927.99999991,59435731,3765121
2022,8,31042090-0,51083059.999999985,37978376,2427143
2022,9,31042090-0,42864095.99999997,32555121,2166104
2022,10,31042090-0,27228397.999999993,26509681,2249206
2022,11,31042090-0,43310275.99999997,27227234,2172234
2022,12,31042090-0,19672791.999999993,12597957,1513212
2023,1,31042090-0,47831838.99999997,43540110,3250064
2023,2,31042090-0,14051459.000000004,7101802,709558
2023,3,31042090-0,5000000.000000004,2212500,337500
2023,4,31042090-0,51943227.999999955,32985194,2184472
2023,5,31042090-0,54906675.99999997,27254754,3005680
2023,6,31042090-0,58835430.99999995,18934123,1416784
2023,7,31042090-0,91427019.9999999,47557327,4946404
2023,8,31042090-0,37734794.999999985,17315375,1808578
2023,9,31042090-0,73774999.99999991,26883059,2815731
2023,10,31042090-0,37437365.99999998,10256845,1866862
1997,4,31054000-0,3515344.0000000065,784030,42990
1997,5,31054000-0,2038700.0000000084,432204,24464
1997,6,31054000-0,9449094.000000032,2053108,145075
1997,7,31054000-0,8711405.000000011,1941433,104418
1997,8,31054000-0,12325339.000000037,2765051,144778
1997,9,31054000-0,6131432.000000014,1387858,71700
1997,11,31054000-0,10813486.000000019,2446900,120594
1997,12,31054000-0,7564246.000000011,1704774,85967
1998,1,31054000-0,16637224.000000022,3777078,198930
1998,2,31054000-0,5165947.000000004,1150276,61988
1998,6,31054000-0,27230663.999999993,6190484,310759
1998,7,31054000-0,6540616.000000002,1447517,88980
1998,9,31054000-0,18916333.999999996,4079594,205330
1998,10,31054000-0,7930000.000000011,1765591,95159
1998,12,31054000-0,4000000.0000000056,828000,48000
1999,1,31054000-0,13101840.000000002,2866947,143648
1999,2,31054000-0,7099825.000000001,1500610,55380
1999,6,31054000-0,12448026.000000015,2441234,134900
1999,7,31054000-0,6200315.000000013,1240986,67500
1999,8,31054000-0,4435000.000000005,962520,34900
1999,9,31054000-0,16011655.0,2978636,175020
1999,10,31054000-0,12547687.000000015,2331475,144150
1999,11,31054000-0,22999999.999999978,4202833,219600
1999,12,31054000-0,4900000.000000004,885043,39200
2000,1,31054000-0,7813544.0,1406235,62480
2000,3,31054000-0,5496894.000000004,909917,43960
2000,5,31054000-0,2507039.0000000186,413340,20520
2000,7,31054000-0,15786911.0,2468175,157942
2000,8,31054000-0,12677281.000000026,2014515,101419
2000,9,31054000-0,17615916.999999996,2930368,143306
2000,10,31054000-0,14438324.000000037,2693422,128947
2000,11,31054000-0,13078214.000000004,2625851,122854
2000,12,31054000-0,4081627.0000000056,756602,34617
2001,3,31054000-0,2827423.0000000075,519494,22680
2001,5,31054000-0,10854003.000000007,1922933,86600
2001,6,31054000-0,10264787.000000007,1685650,109954
2001,7,31054000-0,5675550.000000015,941159,57628
2001,8,31054000-0,26770513.999999993,4027500,334900
2001,9,31054000-0,29586338.0,4734137,409888
2001,10,31054000-0,3150000.0000000065,539069,45594
2001,11,31054000-0,7886485.0,1266869,61600
2002,2,31054000-0,10973304.999999994,1748107,94016
2002,3,31054000-0,1583413.0000000093,259279,12600
2002,5,31054000-0,20245935.99999998,3090361,296797
2002,6,31054000-0,4197683.000000017,648373,67058
2002,7,31054000-0,31891084.999999993,4832811,427540
2002,8,31054000-0,19678534.999999996,3355150,269658
2002,9,31054000-0,8345160.999999999,1331973,77448
2002,10,31054000-0,10385619.000000007,1884872,146550
2002,12,31054000-0,9687773.999999996,1538319,196823
2003,3,31054000-0,11056473.999999994,1938336,173263
2003,4,31054000-0,11395861.999999994,2173034,199031
2003,5,31054000-0,4523673.000000005,877222,71584
2003,6,31054000-0,13538392.999999993,2788247,259854
2003,7,31054000-0,38437760.99999997,7837415,716897
2003,9,31054000-0,17796341.999999985,3334341,408646
2003,10,31054000-0,27060775.999999993,5176936,472365
2003,11,31054000-0,17659565.0,3414876,338201
2004,1,31054000-0,10730102.000000007,2287249,389854
2004,3,31054000-0,13353670.000000004,3017090,467398
2004,4,31054000-0,13473290.000000004,3238078,494969
2004,5,31054000-0,16978935.000000007,3966269,595712
2004,6,31054000-0,11574695.000000007,2659264,307933
2004,7,31054000-0,21632246.0,5036537,541766
2004,8,31054000-0,47712637.999999955,10773809,1109399
2004,9,31054000-0,25029745.99999997,5758223,643590
2004,10,31054000-0,19162405.999999993,4504756,625516
2004,11,31054000-0,4228939.000000006,1017088,92400
2005,1,31054000-0,4502715.000000005,1139794,99060
2005,2,31054000-0,5651997.000000003,1320339,224095
2005,4,31054000-0,3150994.0000000065,744725,122840
2005,5,31054000-0,25132753.999999985,6321096,597661
2005,6,31054000-0,17500172.999999996,4217727,558250
2005,7,31054000-0,16498168.999999998,3928593,508210
2005,8,31054000-0,12783244.000000004,3255826,301990
2005,9,31054000-0,48164624.99999997,12807775,1211431
2005,10,31054000-0,9748593.000000019,2635824,234040
2005,11,31054000-0,15625435.000000011,4380426,345187
2006,1,31054000-0,5039862.000000004,1401544,94087
2006,2,31054000-0,8952432.999999998,2405502,183575
2006,3,31054000-0,1493125.0000000214,422021,34652
2006,4,31054000-0,6587601.000000013,1817252,151691
2006,5,31054000-0,4525000.000000016,1238193,81794
2006,7,31054000-0,46079046.999999985,12769372,1031262
2006,8,31054000-0,13018472.000000004,3553996,250285
2006,9,31054000-0,10847747.000000007,3010755,293368
2006,11,31054000-0,36946682.99999997,10347665,891550
2006,12,31054000-0,5633923.000000016,1581170,101440
2007,1,31054000-0,3428637.0000000065,986387,61425
2007,2,31054000-0,4181981.000000017,1198889,75651
2007,5,31054000-0,40012999.99999995,17628898,713059
2007,6,31054000-0,31157249.99999999,14631037,848146
2007,7,31054000-0,31232330.999999978,13236688,1170475
2007,9,31054000-0,28863110.0,13445239,871081
2007,10,31054000-0,23116051.99999999,10761671,1082405
2008,1,31054000-0,11502000.000000004,7018683,208954
2008,5,31054000-0,22154640.0,21189525,890757
2008,6,31054000-0,28870066.999999993,34674722,1132464
2008,7,31054000-0,22060340.000000004,26719124,1220986
2008,8,31054000-0,3577701.0000000056,4590884,171216
2008,9,31054000-0,28151883.99999998,34442931,1823842
2008,10,31054000-0,11722684.999999994,14783112,579810
2009,4,31054000-0,4200000.000000006,1667647,105000
2009,5,31054000-0,17780675.999999996,6049295,503250
2009,6,31054000-0,5558437.000000004,1961323,187825
2009,7,31054000-0,18174949.999999985,4983156,571410
2009,8,31054000-0,13957047.99999999,4045469,413230
2009,9,31054000-0,25082442.999999985,7646521,778551
2009,10,31054000-0,16523443.0,5362649,599673
2009,11,31054000-0,8410699.999999998,2679707,287701
2010,1,31054000-0,11065162.000000007,3605365,299000
2010,3,31054000-0,8833344.000000011,4337498,225850
2010,4,31054000-0,11777888.999999994,6162487,352800
2010,5,31054000-0,13975764.000000015,6446655,552617
2010,6,31054000-0,9922971.000000022,4615452,356180
2010,7,31054000-0,12838303.999999993,5915407,508275
2010,8,31054000-0,14300427.000000026,6515020,460440
2010,10,31054000-0,20855532.999999993,10513538,682155
2010,11,31054000-0,22871507.0,12572978,700583
2011,1,31054000-0,9150122.999999998,5725748,188490
2011,3,31054000-0,31767709.999999978,19212323,1017533
2011,4,31054000-0,14008649.000000002,8414908,425195
2011,5,31054000-0,19401038.999999993,12333641,601065
2011,6,31054000-0,17966158.999999996,11415085,514271
2011,7,31054000-0,20467220.000000004,13462472,632647
2011,8,31054000-0,34085161.99999997,22231957,1037310
2011,9,31054000-0,33453952.999999985,22676217,902929
2011,10,31054000-0,19749521.000000007,13397715,603125
2011,12,31054000-0,7889407.0,5316743,236628
2012,2,31054000-0,7683785.000000024,4527402,177960
2012,4,31054000-0,14266000.000000011,7439288,418423
2012,5,31054000-0,12777942.000000015,6992272,335769
2012,6,31054000-0,39194629.99999997,23094438,742081
2012,9,31054000-0,21599666.000000004,12835768,682187
2012,10,31054000-0,34056876.999999985,20262183,926627
2012,11,31054000-0,19087426.00000002,11345662,567866
2013,1,31054000-0,4696955.000000016,2491733,140355
2013,3,31054000-0,7650000.0,3975643,145350
2013,4,31054000-0,6182423.000000025,3356184,145024
2013,5,31054000-0,5621249.000000025,2863393,159568
2013,6,31054000-0,7600700.00000001,4141055,230240
2013,7,31054000-0,29879173.0,16463675,516373
2013,8,31054000-0,32785039.999999985,16747129,837463
2013,9,31054000-0,18421642.000000007,8760143,566160
2013,10,31054000-0,26355069.99999998,13167375,577002
2013,11,31054000-0,10184192.000000007,4757408,355705
2013,12,31054000-0,17206817.0,7346254,409798
2014,1,31054000-0,19415598.000000007,8035761,560237
2014,4,31054000-0,5312018.000000014,2624675,157411
2014,5,31054000-0,26345999.999999993,13270653,394442
2014,6,31054000-0,20437515.000000004,9510793,406097
2014,7,31054000-0,35391688.00000001,16519086,883312
2014,8,31054000-0,6402000.000000014,3257455,145375
2014,9,31054000-0,48880760.99999997,23876789,1196322
2014,10,31054000-0,21274782.000000004,10789640,517760
2014,11,31054000-0,10008297.000000007,4843572,486552
2014,12,31054000-0,13231228.000000015,6516404,479768
2015,1,31054000-0,9261396.00000002,4953806,453712
2015,2,31054000-0,9885436.999999996,5020617,246250
2015,3,31054000-0,9315162.000000007,4794651,274374
2015,5,31054000-0,12007229.000000006,6172867,338398
2015,6,31054000-0,37086888.99999999,16980437,873778
2015,7,31054000-0,14528826.000000013,6705634,340025
2015,8,31054000-0,19938994.000000007,10032050,347417
2015,9,31054000-0,20941745.000000037,9663699,563768
2015,10,31054000-0,15495784.000000011,7081901,402978
2015,11,31054000-0,13158585.000000015,6600318,347948
2016,2,31054000-0,11288838.00000003,4819415,306338
2016,3,31054000-0,6314527.000000013,2199064,115095
2016,4,31054000-0,1491178.0000000317,646754,36715
2016,5,31054000-0,10932010.000000007,4033904,221591
2016,7,31054000-0,39426040.999999985,14396939,708082
2016,8,31054000-0,27862543.000000007,9727847,423904
2016,9,31054000-0,2041640.0000000307,1015436,55482
2016,10,31054000-0,16273751.000000032,6203245,242807
2016,12,31054000-0,1734500.000000054,1234120,85796
2017,1,31054000-0,60407489.999999955,21161278,1049753
2017,2,31054000-0,11022888.00000003,4172301,258847
2017,3,31054000-0,13601121.000000026,4931822,346720
2017,5,31054000-0,26741711.999999993,10092053,595581
2017,6,31054000-0,6680180.000000023,2646151,198641
2017,7,31054000-0,34753593.999999985,12902507,743751
2017,8,31054000-0,36478503.99999999,13575544,736856
2017,9,31054000-0,31333054.0,11096571,635916
2017,10,31054000-0,9090242.000000032,3352257,158838
2017,11,31054000-0,10020475.000000007,3597391,231838
2017,12,31054000-0,17054811.00000002,6168276,332858
2018,1,31054000-0,10529380.00000003,3910031,195502
2018,2,31054000-0,7528076.000000023,2954770,170721
2018,3,31054000-0,1220000.0000000214,739302,86073
2018,4,31054000-0,5072300.000000014,2089353,129823
2018,5,31054000-0,6730184.000000013,3108534,209443
2018,6,31054000-0,4299801.000000029,2015500,153250
2018,7,31054000-0,44065107.0,18126437,1239758
2018,8,31054000-0,25478105.00000003,10490591,561453
2018,9,31054000-0,23148696.000000007,10238872,487233
2018,10,31054000-0,12604000.000000028,6424001,269715
2018,11,31054000-0,26150725.000000007,11469293,545322
2018,12,31054000-0,6865942.000000024,2858137,138808
2019,1,31054000-0,33204127.999999985,14308334,856497
2019,2,31054000-0,3016000.0000000186,1544395,71784
2019,3,31054000-0,5161738.000000016,2180190,126690
2019,4,31054000-0,9100000.00000001,3806632,172175
2019,5,31054000-0,6850000.000000012,3035454,161031
2019,6,31054000-0,32222298.0,12927687,648173
2019,7,31054000-0,39301999.99999998,14975770,661552
2019,8,31054000-0,8716733.000000034,3588040,159034
2019,9,31054000-0,25173500.0,9194369,403437
2019,10,31054000-0,5815500.000000026,2276219,108035
2019,11,31054000-0,40962392.999999985,14402612,790530
2019,12,31054000-0,5849000.000000024,1963925,120430
2020,1,31054000-0,30491786.0,9376281,688064
2020,2,31054000-0,1748800.0000000205,732875,57975
2020,3,31054000-0,7660800.000000022,2855848,252072
2020,4,31054000-0,4942900.000000015,1591695,79549
2020,5,31054000-0,30273100.000000004,9671722,574032
2020,6,31054000-0,44666307.99999997,14187169,840146
2020,7,31054000-0,10544000.000000007,3611768,142731
2020,8,31054000-0,10404010.000000007,3631207,151510
2020,9,31054000-0,16252387.000000022,5387347,313501
2020,10,31054000-0,2575200.0000000317,1214049,61152
2020,11,31054000-0,26296039.999999993,8406220,436264
2020,12,31054000-0,25162959.999999985,8558651,462060
2021,1,31054000-0,22662119.99999999,7759090,423823
2021,2,31054000-0,10965000.000000019,4229635,201208
2021,3,31054000-0,34419669.99999998,11244408,570762
2021,4,31054000-0,18480294.000000007,7085495,421759
2021,5,31054000-0,11997530.000000006,5296966,344715
2021,6,31054000-0,11761980.000000028,6045794,304185
2021,7,31054000-0,18534049.999999996,9833228,458688
2021,8,31054000-0,27451709.999999996,16957142,725994
2021,9,31054000-0,16144000.000000011,10069268,493985
2021,10,31054000-0,20644261.000000004,9487690,519662
2021,11,31054000-0,26993016.999999993,15982917,1141017
2021,12,31054000-0,27625919.999999996,17699556,1209634
2022,1,31054000-0,6790610.000000013,4957976,329249
2022,2,31054000-0,3275000.0000000177,2446952,88450
2022,3,31054000-0,24497999.999999996,19163976,803223
2022,4,31054000-0,28783449.99999998,25077996,1426601
2022,5,31054000-0,47451119.99999996,37198381,1925359
2022,6,31054000-0,40190972.99999996,42107864,2162976
2022,7,31054000-0,7593010.000000022,7369786,376928
2022,8,31054000-0,33505999.99999997,31585671,1427640
2022,9,31054000-0,20843442.000000022,22543579,1156360
2022,10,31054000-0,5812086.000000014,4650087,258171
2022,11,31054000-0,13645400.000000002,11760691,1362636
2022,12,31054000-0,2425800.0000000186,3553333,370318
2023,1,31054000-0,16334503.00000001,12966516,883304
2023,2,31054000-0,25901100.0,18758829,1412669
2023,3,31054000-0,24218685.0,15902921,971309
2023,4,31054000-0,22836577.99999999,16125544,1216175
2023,5,31054000-0,8550923.000000022,6323304,442313
2023,6,31054000-0,36008474.999999985,20740001,1622913
2023,7,31054000-0,26499722.000000007,13901169,849933
2023,8,31054000-0,16676670.999999989,9762386,831792
2023,9,31054000-0,23781051.0,10775325,458076
2023,10,31054000-0,14695000.000000011,8021237,541260
2004,3,31059090-1,1221000.0000000205,428442,27111
2004,11,31059090-1,1386000.0000000214,358312,53625
2008,7,31059090-1,7160980.000000012,1830513,303749
2010,2,31059090-1,633000.0000000214,627471,14621
2010,11,31059090-1,1816000.0000000186,1622252,60349
2011,7,31059090-1,1025000.0000000102,1017767,30428
2011,10,31059090-1,4008400.0000000177,4066606,132573
2012,11,31059090-1,4069780.0000000168,4019551,113916
2013,5,31059090-1,2508000.0000000186,2385953,74503
2013,10,31059090-1,4733058.000000037,5099268,126537
2013,12,31059090-1,3001700.0000000065,3004103,81946
2014,2,31059090-1,4629340.000000016,4228805,145323
2014,6,31059090-1,2640592.00000003,2451627,75029
2014,10,31059090-1,3973300.000000016,3673223,112723
2014,11,31059090-1,2813719.00000003,2598951,77367
2015,2,31059090-1,2516800.0000000186,2033104,69076
2015,9,31059090-1,6150411.000000002,5758907,131932
2015,11,31059090-1,5462535.000000025,4529928,123792
2015,12,31059090-1,1674007.0000000214,1662632,34558
2016,5,31059090-1,5010640.000000015,3943268,112184
2016,9,31059090-1,1317735.0000000335,1113541,27675
2017,1,31059090-1,2610993.0000000075,2031967,63027
2017,2,31059090-1,1250240.0000000214,983647,25327
2017,3,31059090-1,1534167.000000054,1333207,33229
2017,4,31059090-1,2073612.0000000186,1567715,39492
2017,6,31059090-1,1182154.0000000326,667714,23875
2017,7,31059090-1,4006654.0000000056,2771151,59007
2017,8,31059090-1,4066875.000000028,2689808,60364
2017,11,31059090-1,2638416.000000052,2108160,47728
2017,12,31059090-1,2525018.0000000186,1921740,42311
2018,3,31059090-1,1527521.0000000205,1149309,32845
2018,4,31059090-1,4574343.000000051,3437042,91360
2018,7,31059090-1,3024100.0000000177,2288567,82362
2018,9,31059090-1,5005173.000000004,3776513,119500
2019,1,31059090-1,8670108.000000022,6173156,269292
2019,2,31059090-1,1015207.0000000102,541067,31000
2019,5,31059090-1,5069225.000000015,3933980,99097
2019,8,31059090-1,3397000.0000000065,2565019,89171
2019,12,31059090-1,3048100.0000000186,2253056,82873
2020,3,31059090-1,2315728.0000000317,1791791,63400
2020,7,31059090-1,4032100.0000000177,2903589,87480
2020,8,31059090-1,1000000.0000000102,559080,19150
2020,9,31059090-1,3832269.0000000056,2650731,92714
2020,10,31059090-1,1200000.0000000093,671127,22980
2021,1,31059090-1,3000100.0000000065,1969326,65402
2021,2,31059090-1,1501300.0000000093,972810,35656
2021,3,31059090-1,3026700.000000029,2053071,72679
2021,5,31059090-1,3179470.0000000177,1974536,104601
2021,6,31059090-1,3010400.0000000168,1992566,98712
2021,9,31059090-1,3880000.000000028,2448265,168415
2021,12,31059090-1,4110400.000000039,2737465,190297
2022,3,31059090-1,6630500.000000023,6645212,339824
2022,4,31059090-1,2562080.0000000307,2250444,133350
2022,5,31059090-1,3973810.0000000056,5243778,127500
2022,7,31059090-1,3990750.0000000168,5315631,128981
2022,9,31059090-1,4967900.00000004,6621351,291509
2022,10,31059090-1,600000.0000000224,715581,59087
2023,1,31059090-1,7778200.000000034,3098557,587924
2023,3,31059090-1,3583000.0000000177,3740309,150561
2023,6,31059090-1,1130800.000000042,1014635,70381
2023,7,31059090-1,3028800.000000029,2780267,127227
2023,10,31059090-1,1416000.0000000093,1172332,120950
2004,7,31055900-0,4779496.000000004,886223,103950
2007,4,31055900-0,5003627.000000004,1448666,125000
2008,2,31055900-0,4431809.000000006,1747160,88000
2008,7,31055900-0,13158770.999999993,12692557,263175
2009,8,31055900-0,10775801.999999996,2850496,307305
2010,7,31055900-0,10235747.999999996,4583768,345422
2010,8,31055900-0,5523838.000000015,2134315,181356
2010,11,31055900-0,3030000.0000000065,1396043,96960
2011,6,31055900-0,10983031.000000007,6888804,330491
2011,9,31055900-0,14010588.000000004,9106606,465346
2012,8,31055900-0,7417840.000000012,3893066,198117
2012,9,31055900-0,10052341.999999996,5358437,258500
2012,12,31055900-0,5685000.000000003,2385620,170550
2013,9,31055900-0,9764627.00000002,4240391,272559
2013,11,31055900-0,7221000.000000012,2713892,263281
2014,5,31055900-0,13709292.000000004,6136024,373634
2014,9,31055900-0,3599527.0000000168,1619794,93042
2014,10,31055900-0,12009672.000000015,4873812,254924
2014,11,31055900-0,7700449.000000011,2681125,335401
2015,4,31055900-0,7894992.0,3145508,196250
2015,6,31055900-0,5210628.000000015,2469458,143042
2015,7,31055900-0,9454588.999999998,3644489,234950
2015,9,31055900-0,14786878.000000013,6136548,354894
2016,2,31055900-0,8115285.999999999,2973885,197225
2016,3,31055900-0,1669629.0000000084,705202,36750
2016,5,31055900-0,4372515.000000015,1664885,90965
2016,8,31055900-0,9826918.999999996,3327563,207854
2017,4,31055900-0,10566656.000000007,3601911,285720
2017,6,31055900-0,4418776.000000005,1520485,86885
2017,8,31055900-0,17186371.0,5514372,340921
2017,9,31055900-0,10508340.999999996,3509457,193200
2017,10,31055900-0,6025681.000000014,2089126,145784
2018,6,31055900-0,14423880.99999999,5353239,367388
2018,8,31055900-0,3792479.000000017,1656298,101110
2018,9,31055900-0,15152384.000000002,6025765,311123
2018,10,31055900-0,11371690.000000006,4805965,250654
2018,11,31055900-0,8891552.000000022,3525219,227032
2018,12,31055900-0,7330395.000000001,2941402,209150
2019,6,31055900-0,17578570.999999996,6008118,347812
2019,7,31055900-0,12790000.000000015,4389670,293011
2019,8,31055900-0,5000000.000000004,1731541,120000
2019,10,31055900-0,3000000.0000000065,870375,79500
2019,11,31055900-0,16628099.0,4692709,477645
2019,12,31055900-0,11811985.000000006,4002272,254319
2020,5,31055900-0,11781500.000000019,3406287,237933
2020,6,31055900-0,4452950.000000028,1459000,68267
2020,7,31055900-0,5719328.000000015,1723477,89672
2020,8,31055900-0,12499999.999999993,3562133,208500
2020,9,31055900-0,23905693.999999978,6749550,479268
2020,10,31055900-0,10569313.999999996,3235373,209801
2020,12,31055900-0,2769800.0000000196,912488,85882
2021,1,31055900-0,10663518.999999996,3517553,280553
2021,5,31055900-0,4113360.0000000177,1389508,75206
2021,6,31055900-0,8000000.0,2833832,226000
2021,7,31055900-0,4070505.000000027,2172746,108301
2021,8,31055900-0,8799999.999999998,3026325,260480
2021,9,31055900-0,7500000.0,4266971,256875
2021,10,31055900-0,12264448.000000004,7317405,414507
2021,11,31055900-0,8831506.00000001,5592217,493849
2022,1,31055900-0,6609000.000000002,3929488,227602
2022,2,31055900-0,6452594.000000012,4701918,456057
2022,4,31055900-0,4033000.0000000168,3670468,180159
2022,5,31055900-0,7700000.0,6472917,354200
2022,6,31055900-0,5910300.000000003,3193087,184868
2022,7,31055900-0,14249999.99999999,9987460,1047375
2022,8,31055900-0,11004229.999999994,10942939,470915
2022,9,31055900-0,9996496.000000007,8665722,438599
2022,11,31055900-0,10233290.000000019,7469697,399855
2023,2,31055900-0,2005645.0000000084,1208507,37500
2023,6,31055900-0,8405699.000000011,4015669,226076
2023,7,31055900-0,19320676.99999998,7642265,504600
2023,10,31055900-0,9516500.000000011,3665898,241139
